{
    "annotations": {
        "list": [{
            "builtIn": 1,
            "datasource": "-- Grafana --",
            "enable": true,
            "hide": true,
            "iconColor": "rgba(0, 211, 255, 1)",
            "name": "Annotations & Alerts",
            "type": "dashboard"
        }]
    },
    "editable": true,
    "gnetId": null,
    "graphTooltip": 0,
    "id": 2,
    "links": [],
    "panels": [{
            "aliasColors": {},
            "bars": true,
            "dashLength": 10,
            "dashes": false,
            "datasource": null,
            "fill": 1,
            "fillGradient": 0,
            "gridPos": {
                "h": 9,
                "w": 12,
                "x": 0,
                "y": 0
            },
            "id": 2,
            "legend": {
                "avg": false,
                "current": false,
                "max": false,
                "min": false,
                "show": true,
                "total": false,
                "values": false
            },
            "lines": false,
            "linewidth": 1,
            "nullPointMode": "null",
            "options": {
                "dataLinks": []
            },
            "percentage": false,
            "pluginVersion": "6.4.3",
            "pointradius": 2,
            "points": false,
            "renderer": "flot",
            "seriesOverrides": [],
            "spaceLength": 10,
            "stack": false,
            "steppedLine": false,
            "targets": [{
                "groupBy": [{
                        "params": [
                            "1s"
                        ],
                        "type": "time"
                    },
                    {
                        "params": [
                            "null"
                        ],
                        "type": "fill"
                    }
                ],
                "measurement": "test_metric",
                "orderByTime": "ASC",
                "policy": "default",
                "refId": "A",
                "resultFormat": "time_series",
                "select": [
                    [{
                            "params": [
                                "run_dur"
                            ],
                            "type": "field"
                        },
                        {
                            "params": [],
                            "type": "mean"
                        }
                    ]
                ],
                "tags": []
            }],
            "thresholds": [],
            "timeFrom": null,
            "timeRegions": [],
            "timeShift": null,
            "title": "Run Duration Viz",
            "tooltip": {
                "shared": true,
                "sort": 0,
                "value_type": "individual"
            },
            "transparent": true,
            "type": "graph",
            "xaxis": {
                "buckets": null,
                "mode": "time",
                "name": null,
                "show": true,
                "values": []
            },
            "yaxes": [{
                    "format": "short",
                    "label": null,
                    "logBase": 1,
                    "max": null,
                    "min": null,
                    "show": true
                },
                {
                    "format": "short",
                    "label": null,
                    "logBase": 1,
                    "max": null,
                    "min": null,
                    "show": true
                }
            ],
            "yaxis": {
                "align": false,
                "alignLevel": null
            }
        },
        {
            "columns": [],
            "datasource": "InfluxDB",
            "fontSize": "100%",
            "gridPos": {
                "h": 8,
                "w": 12,
                "x": 12,
                "y": 0
            },
            "id": 4,
            "options": {},
            "pageSize": null,
            "showHeader": true,
            "sort": {
                "col": 1,
                "desc": true
            },
            "styles": [{
                    "alias": "Time",
                    "dateFormat": "YYYY-MM-DD HH:mm:ss",
                    "link": false,
                    "pattern": "Time",
                    "type": "date"
                },
                {
                    "alias": "RUN ID",
                    "colorMode": null,
                    "colors": [
                        "rgba(245, 54, 54, 0.9)",
                        "rgba(237, 129, 40, 0.89)",
                        "rgba(50, 172, 45, 0.97)"
                    ],
                    "decimals": 0,
                    "link": false,
                    "pattern": "/.*/",
                    "thresholds": [],
                    "type": "number",
                    "unit": "short"
                }
            ],
            "targets": [{
                "groupBy": [],
                "limit": "0",
                "measurement": "test_metric",
                "orderByTime": "ASC",
                "policy": "default",
                "query": "SELECT \"run_id\" FROM \"test_metric\"\n",
                "rawQuery": false,
                "refId": "A",
                "resultFormat": "table",
                "select": [
                    [{
                        "params": [
                            "run_id"
                        ],
                        "type": "field"
                    }]
                ],
                "tags": []
            }],
            "timeFrom": null,
            "timeShift": null,
            "title": "RUN ID Table",
            "transform": "table",
            "transparent": true,
            "type": "table"
        },
        {
            "columns": [],
            "datasource": null,
            "fontSize": "100%",
            "gridPos": {
                "h": 8,
                "w": 12,
                "x": 12,
                "y": 8
            },
            "id": 8,
            "options": {},
            "pageSize": null,
            "showHeader": true,
            "sort": {
                "col": 0,
                "desc": true
            },
            "styles": [{
                    "alias": "Time",
                    "dateFormat": "YYYY-MM-DD HH:mm:ss",
                    "pattern": "Time",
                    "type": "date"
                },
                {
                    "alias": "",
                    "colorMode": null,
                    "colors": [
                        "rgba(245, 54, 54, 0.9)",
                        "rgba(237, 129, 40, 0.89)",
                        "rgba(50, 172, 45, 0.97)"
                    ],
                    "decimals": 2,
                    "pattern": "/.*/",
                    "thresholds": [],
                    "type": "number",
                    "unit": "short"
                }
            ],
            "targets": [{
                "alias": "AVG RUN Duration",
                "groupBy": [{
                        "params": [
                            "$__interval"
                        ],
                        "type": "time"
                    },
                    {
                        "params": [
                            "null"
                        ],
                        "type": "fill"
                    }
                ],
                "measurement": "test_metric",
                "orderByTime": "ASC",
                "policy": "default",
                "refId": "A",
                "resultFormat": "time_series",
                "select": [
                    [{
                            "params": [
                                "run_dur"
                            ],
                            "type": "field"
                        },
                        {
                            "params": [],
                            "type": "mean"
                        }
                    ]
                ],
                "tags": []
            }],
            "timeFrom": null,
            "timeShift": null,
            "title": "Panel Title",
            "transform": "timeseries_to_columns",
            "transparent": true,
            "type": "table"
        },
        {
            "columns": [],
            "datasource": null,
            "fontSize": "100%",
            "gridPos": {
                "h": 8,
                "w": 12,
                "x": 0,
                "y": 9
            },
            "id": 6,
            "options": {},
            "pageSize": null,
            "showHeader": true,
            "sort": {
                "col": 0,
                "desc": true
            },
            "styles": [{
                    "alias": "Time",
                    "dateFormat": "YYYY-MM-DD HH:mm:ss",
                    "pattern": "Time",
                    "type": "date"
                },
                {
                    "alias": "ACTION",
                    "colorMode": null,
                    "colors": [
                        "rgba(245, 54, 54, 0.9)",
                        "rgba(237, 129, 40, 0.89)",
                        "rgba(50, 172, 45, 0.97)"
                    ],
                    "decimals": 2,
                    "pattern": "/.*/",
                    "thresholds": [],
                    "type": "number",
                    "unit": "short"
                }
            ],
            "targets": [{
                "groupBy": [],
                "measurement": "test_metric",
                "orderByTime": "ASC",
                "policy": "default",
                "refId": "A",
                "resultFormat": "table",
                "select": [
                    [{
                        "params": [
                            "action"
                        ],
                        "type": "field"
                    }]
                ],
                "tags": []
            }],
            "timeFrom": null,
            "timeShift": null,
            "title": "Actions Taken",
            "transform": "table",
            "transparent": true,
            "type": "table"
        }
    ],
    "refresh": "1m",
    "schemaVersion": 20,
    "style": "dark",
    "tags": [],
    "templating": {
        "list": []
    },
    "time": {
        "from": "now-5m",
        "to": "now"
    },
    "timepicker": {
        "refresh_intervals": [
            "5s",
            "10s",
            "30s",
            "1m",
            "5m",
            "15m",
            "30m",
            "1h",
            "2h",
            "1d"
        ]
    },
    "timezone": "",
    "title": "New dashboard Copy Copy",
    "uid": "5zsW850Zz",
    "version": 1
}